optimizador,semilla,mejor_interno,auc_prueba,n_evaluaciones,tiempo_s,ccp_alpha,criterion,max_depth,min_samples_leaf
random,0,0.832929568126317,0.8236294912334718,48,38.42068080001627,0.00026997445607557957,gini,28,1
random,1,0.8333325125688059,0.8296461271695587,48,35.330513599998085,3.3053172266025606e-05,gini,10,81
random,2,0.8327510376453238,0.8236294912334718,48,28.047162200004095,0.00027149924812799,gini,13,35
random,3,0.8319345827582308,0.8251305363985153,48,27.47783689998323,0.0007992423640701396,entropy,15,79
random,4,0.8328768964080112,0.8241660894871004,48,26.817684900015593,0.00046369625076162174,entropy,21,4
bayesiana,0,0.833142441212931,0.8238667372862842,48,49.673498499993,0.00016260220818354487,gini,22,82
bayesiana,1,0.8326536865634956,0.8285813854965206,48,49.24199310000404,1.1444813142591527e-05,gini,16,176
bayesiana,2,0.8329480245284516,0.8236294912334718,48,45.82018110001809,0.00026486957829649987,gini,8,10
bayesiana,3,0.8328701974146995,0.8235050235901223,48,44.94023750000633,0.00014274941156241052,gini,7,75
bayesiana,4,0.832929568126317,0.8236294912334718,48,47.26327610001317,0.000271834410010843,gini,20,1
genetica,0,0.8328267611515304,0.8242672354065306,48,44.628427600022405,0.000297492476281918,gini,11,75
genetica,1,0.8327648003914933,0.8251305363985153,48,46.68202049998217,0.0004039911867566605,gini,16,65
genetica,2,0.8330529322956938,0.8251741724221011,48,51.710087699990254,0.0005336130010464213,entropy,14,67
genetica,3,0.8327340689646975,0.8236294912334718,48,57.57202800002415,0.0003210651469056762,gini,29,12
genetica,4,0.8329547320758094,0.8232473781218624,48,46.51955650001764,0.0002486851707302651,gini,7,8
