modelo,balanceo,optimizador,version,brier,ece,ece_cuantil,log_loss,auc,prob_media,prevalencia
xgboost,class_weight,genetica,sin recalibrar,0.18745233118534088,0.2201416053699799,0.21599508880834944,0.5621410012245178,0.8282838774709537,0.4587247371673584,0.2461775269368907
xgboost,class_weight,genetica,Platt,0.13179625570774078,0.026264710791443418,0.025510455257980385,0.37259340286254883,0.8282838774709537,0.24937355518341064,0.2461775269368907
xgboost,class_weight,genetica,isotónica,0.1305210143327713,0.007454331695035732,0.00771435085768162,0.3675236701965332,0.8284758419284195,0.24860645830631256,0.2461775269368907
arbol,class_weight,random,sin recalibrar,0.16896728310613798,0.14419461918215432,0.14419461918215437,0.45244994954401974,0.824294529200217,0.390372146119045,0.2461775269368907
arbol,class_weight,random,Platt,0.13085253312964837,0.010477911912549156,0.010820070984924298,0.3680005882542236,0.824294529200217,0.2488880794860213,0.2461775269368907
arbol,class_weight,random,isotónica,0.1307501213744832,0.010035802254800618,0.009733603833827079,0.3677907233550981,0.82559291369135,0.24871716322657228,0.2461775269368907
random_forest,ninguno,genetica,sin recalibrar,0.13234928967624981,0.027352021938591167,0.021084799055477627,0.3735244550617545,0.8260124493745522,0.24968085549867686,0.2461775269368907
random_forest,ninguno,genetica,Platt,0.13252155394895668,0.028089889246826323,0.02377654001023805,0.37351331195033843,0.8260124493745523,0.24881346458054776,0.2461775269368907
random_forest,ninguno,genetica,isotónica,0.13070483341255731,0.0028601057997007743,0.007726706775238748,0.36763818318298197,0.8255552925162688,0.2490282228439643,0.2461775269368907
ebm,class_weight,grid,sin recalibrar,0.17317989395852715,0.16976131704281203,0.169761317042812,0.5213578084633221,0.8289210825774012,0.41593884397970277,0.2461775269368907
ebm,class_weight,grid,Platt,0.14378686598696683,0.0789920771749205,0.07922745990977689,0.4253031426780634,0.8289210825774012,0.24784767665933316,0.2461775269368907
ebm,class_weight,grid,isotónica,0.13377435468177504,0.005953989749180518,0.003901034169617853,0.386338406558407,0.827545157610026,0.24887843276867455,0.2461775269368907
knn,ninguno,genetica,sin recalibrar,0.16600960511263319,0.08374954691925816,0.1077500267954597,0.504494823417367,0.787356266399683,0.24198768133853402,0.2461775269368907
knn,ninguno,genetica,Platt,0.15232162788628897,0.0299818094021015,0.03511819992967654,0.4579865994842371,0.787356266399683,0.24888142882656353,0.2461775269368907
knn,ninguno,genetica,isotónica,0.1510476391014438,0.008178219542158272,0.009307474336541534,0.454853480080351,0.7867079394978873,0.2479832035146259,0.2461775269368907
logistica,class_weight,genetica,sin recalibrar,0.1976995682540419,0.1993019335077518,0.19930193350775177,0.5747121161761279,0.7708576504390214,0.44547946044464254,0.2461775269368907
logistica,class_weight,genetica,Platt,0.15373321288740777,0.03189307906125743,0.030674273005816727,0.46585503727099603,0.7708576504390214,0.24708412080627065,0.2461775269368907
logistica,class_weight,genetica,isotónica,0.15206824473164127,0.006401628291796847,0.005616121718089706,0.4585590139027104,0.7705431192573092,0.24691073040390693,0.2461775269368907
svm,class_weight,grid,Platt,0.15386905984412,0.03196244411063803,0.029736516718164536,0.466192121601018,0.7705801162499984,0.24717511950771384,0.2461775269368907
svm,class_weight,grid,isotónica,0.15225011718295364,0.007386534674662123,0.006731958000173898,0.4623825168060763,0.770524223553988,0.2467198119760864,0.2461775269368907
naive_bayes,ninguno,grid,sin recalibrar,0.6599770538799287,0.6824360206767531,0.6647283509549159,3.213057660745308,0.6662463838560558,0.9109058778918064,0.2461775269368907
naive_bayes,ninguno,grid,Platt,0.17839831238672463,0.038006425880642986,0.04851332306667119,0.5446029691863402,0.6662376453025679,0.24406253227052316,0.2461775269368907
naive_bayes,ninguno,grid,isotónica,0.17356899102482926,0.0040599220350331635,0.00724257166415028,0.5249881437455257,0.6687213805280289,0.2443903547855938,0.2461775269368907
