tarea,modelo,balanceo,optimizador,semilla,accuracy,precision,recall,f1,auc,brier,tiempo_s,rmse,mae,r2
clasificacion,random_forest,ninguno,genetica,0,0.7832734735761929,0.6422200198216056,0.2701125468945394,0.38028169014084506,0.8290181145674297,0.13199932671687867,24.40628470000229,,,
clasificacion,random_forest,ninguno,genetica,1,0.7813237557721908,0.6303501945525292,0.2701125468945394,0.37817332944266124,0.8270383782515788,0.13224204822624228,29.28909430000931,,,
clasificacion,random_forest,ninguno,genetica,2,0.7802975885069267,0.6257309941520468,0.267611504793664,0.37489051094890513,0.8289810608308866,0.1320107693958216,28.954745900002308,,,
clasificacion,random_forest,ninguno,genetica,3,0.7800923550538738,0.6252446183953033,0.26636098374322636,0.3735749780765858,0.8284569178531711,0.1320948132778245,25.391680600005202,,,
clasificacion,random_forest,ninguno,genetica,4,0.7831708568496665,0.6401960784313725,0.2721967486452689,0.38198303597543143,0.8270055235602184,0.13215741334589082,38.181633600004716,,,
clasificacion,xgboost,class_weight,genetica,0,0.6962544894817855,0.4475602916432978,0.9979157982492706,0.6179659266907589,0.828523024442869,0.18800301849842072,2.380216499994276,,,
clasificacion,xgboost,class_weight,genetica,1,0.6961518727552591,0.44745699326851157,0.9974989578991247,0.6177875306570285,0.8280006688965488,0.18759828805923462,2.0034085999941453,,,
clasificacion,xgboost,class_weight,genetica,2,0.6963571062083119,0.4476439790575916,0.9979157982492706,0.6180456951077836,0.8281466992043491,0.18864399194717407,2.2406607999873813,,,
clasificacion,xgboost,class_weight,genetica,3,0.6961518727552591,0.44749626307922274,0.9983326385994165,0.6179847761579151,0.8278899616377503,0.1882549673318863,2.181290300010005,,,
clasificacion,xgboost,class_weight,genetica,4,0.6963571062083119,0.44766355140186914,0.9983326385994165,0.618144276680862,0.8283426073596551,0.18762482702732086,2.25233859999571,,,
clasificacion,xgboost,class_weight,genetica,5,0.6962544894817855,0.44757989160904504,0.9983326385994165,0.6180645161290322,0.8283517431201198,0.18764929473400116,2.2101639000175055,,,
clasificacion,xgboost,class_weight,genetica,6,0.6964597229348384,0.447747242475229,0.9983326385994165,0.6182240578213732,0.8280828056249501,0.18786762654781342,2.1453934999881312,,,
clasificacion,xgboost,class_weight,genetica,7,0.6962544894817855,0.44757989160904504,0.9983326385994165,0.6180645161290322,0.8287109884586406,0.18849991261959076,3.2054765000066254,,,
clasificacion,xgboost,class_weight,genetica,8,0.6964597229348384,0.447747242475229,0.9983326385994165,0.6182240578213732,0.8279475850213022,0.18793617188930511,1.888168700010283,,,
clasificacion,xgboost,class_weight,genetica,9,0.6963571062083119,0.44766355140186914,0.9983326385994165,0.618144276680862,0.8278659022437315,0.18812371790409088,1.7202667999954429,,,
clasificacion,svm,class_weight,grid,0,0.6772703950743971,0.4087573385518591,0.6965402250937891,0.5151842145830122,0.7705801162499984,,1.04653779999353,,,
clasificacion,svm,class_weight,grid,1,0.6772703950743971,0.4087573385518591,0.6965402250937891,0.5151842145830122,0.7705801162499984,,1.0137176999996882,,,
clasificacion,svm,class_weight,grid,2,0.6772703950743971,0.4087573385518591,0.6965402250937891,0.5151842145830122,0.7705801162499984,,1.1157864000124391,,,
clasificacion,svm,class_weight,grid,3,0.6772703950743971,0.4087573385518591,0.6965402250937891,0.5151842145830122,0.7705801162499984,,1.145564899983583,,,
clasificacion,svm,class_weight,grid,4,0.6772703950743971,0.4087573385518591,0.6965402250937891,0.5151842145830122,0.7705801162499984,,1.197537400003057,,,
clasificacion,svm,class_weight,grid,5,0.6772703950743971,0.4087573385518591,0.6965402250937891,0.5151842145830122,0.7705801162499984,,1.120589400001336,,,
clasificacion,svm,class_weight,grid,6,0.6772703950743971,0.4087573385518591,0.6965402250937891,0.5151842145830122,0.7705801162499984,,1.112512699997751,,,
clasificacion,svm,class_weight,grid,7,0.6772703950743971,0.4087573385518591,0.6965402250937891,0.5151842145830122,0.7705801162499984,,1.0454326999897603,,,
clasificacion,svm,class_weight,grid,8,0.6772703950743971,0.4087573385518591,0.6965402250937891,0.5151842145830122,0.7705801162499984,,1.0145577999937814,,,
clasificacion,svm,class_weight,grid,9,0.6772703950743971,0.4087573385518591,0.6965402250937891,0.5151842145830122,0.7705801162499984,,0.9597976999939419,,,
clasificacion,ebm,class_weight,grid,0,0.7319651103129811,0.47037552155771906,0.7048770320967069,0.564230897564231,0.8288266608046483,0.17318861234783914,25.28061029998935,,,
clasificacion,ebm,class_weight,grid,1,0.7327860441251924,0.4715987808257135,0.7094622759483118,0.566577896138482,0.8287904582259126,0.17328900101801498,25.416479300009087,,,
clasificacion,ebm,class_weight,grid,2,0.7307337095946639,0.4688106459661769,0.7048770320967069,0.5631035631035631,0.8288299519481697,0.17318841785765796,28.050101100001484,,,
clasificacion,ebm,class_weight,grid,3,0.7325808106721395,0.4713692946058091,0.7102959566486036,0.5666777519122048,0.8288537276229193,0.17320489499634198,22.253442199988058,,,
clasificacion,ebm,class_weight,grid,4,0.731246793227296,0.46957964601769914,0.7077949145477282,0.5645885286783042,0.828740750609968,0.17327958353739017,27.515462999988813,,,
regresion,random_forest,ninguno,grid,0,,,,,,,16.16513860001578,0.05930840009508879,0.04728975896068011,0.2146143335465569
regresion,random_forest,ninguno,grid,1,,,,,,,17.384797299979255,0.05931512947960015,0.04728846362947911,0.21443609700774147
regresion,random_forest,ninguno,grid,2,,,,,,,16.19821299999603,0.059294888332397475,0.04725049262487061,0.2149721491649732
regresion,random_forest,ninguno,grid,3,,,,,,,15.02559810000821,0.05929618931894412,0.04729064743687768,0.21493770026370473
regresion,random_forest,ninguno,grid,4,,,,,,,15.084249300009105,0.059307775169624474,0.0472714935901693,0.21463088448759382
regresion,xgboost,ninguno,bayesiana,0,,,,,,,3.501843700010795,0.059177161596917,0.04706715966787235,0.21808631372624554
regresion,xgboost,ninguno,bayesiana,1,,,,,,,3.0305011000018567,0.05917573949821276,0.047065856899887674,0.21812389393621912
regresion,xgboost,ninguno,bayesiana,2,,,,,,,3.0887943000125233,0.05916613265172759,0.04705385527845364,0.21837773965310792
regresion,xgboost,ninguno,bayesiana,3,,,,,,,2.804155499994522,0.05916387431840589,0.04704840987566837,0.2184374065547232
regresion,xgboost,ninguno,bayesiana,4,,,,,,,2.4107378000044264,0.05916907734501859,0.04705742855990371,0.21829993517276958
regresion,xgboost,ninguno,bayesiana,5,,,,,,,2.1601836000045296,0.05916118120840515,0.04704338373858678,0.21850855761287702
regresion,xgboost,ninguno,bayesiana,6,,,,,,,2.503807400004007,0.059171159201102205,0.04706404573201752,0.21824492618029445
regresion,xgboost,ninguno,bayesiana,7,,,,,,,2.6192521000048146,0.05917820795354848,0.04706925934778926,0.21805866225456072
regresion,xgboost,ninguno,bayesiana,8,,,,,,,2.038409500004491,0.059173280068000426,0.04704459727708924,0.21818888441282802
regresion,xgboost,ninguno,bayesiana,9,,,,,,,2.0821946999931242,0.059171366299020055,0.04707232797138133,0.21823945391530697
regresion,ebm,ninguno,grid,0,,,,,,,29.88930270000128,0.059260401901937605,0.047204333218013504,0.215885041869754
regresion,ebm,ninguno,grid,1,,,,,,,29.18631789999199,0.05925449311883466,0.047200658095436984,0.2160414003851543
regresion,ebm,ninguno,grid,2,,,,,,,29.533224299986614,0.05925290012723404,0.04721123067743485,0.21608355154068226
regresion,ebm,ninguno,grid,3,,,,,,,31.954637100017862,0.059252330097443934,0.04719968964471665,0.2160986344675323
regresion,ebm,ninguno,grid,4,,,,,,,33.16727579999133,0.05925487854014059,0.04720961366539605,0.21603120182251256
