tarea,modelo,n,entrenamiento_s,inferencia_s,auc,memoria_mb,tamano_modelo_mb
clasificacion,naive_bayes,2500,0.004050100018503144,0.011802199995145202,0.597736635205226,,
clasificacion,naive_bayes,5000,0.005869699991308153,0.011388100014301017,0.6166127051531478,,
clasificacion,naive_bayes,10000,0.012091100012185052,0.01477909999084659,0.6527012571146862,,
clasificacion,naive_bayes,20000,0.023271999991266057,0.011357000010320917,0.6580029488645952,,
clasificacion,naive_bayes,38978,0.050298500020289794,0.010424300009617582,0.6662463838560558,23.703125,0.00293731689453125
clasificacion,logistica,2500,0.011252299998886883,0.0014036000065971166,0.7687440553720145,,
clasificacion,logistica,5000,0.03668469999684021,0.0010810000239871442,0.769034527159708,,
clasificacion,logistica,10000,0.08462989999679849,0.0012973000120837241,0.7692801713028854,,
clasificacion,logistica,20000,0.3004834000021219,0.000823200010927394,0.7697837730055188,,
clasificacion,logistica,38978,1.198644799995236,0.0015780999965500087,0.7709653502735678,60.62890625,0.0012750625610351562
clasificacion,svm,2500,0.00952379999216646,0.0013982999953441322,0.7586235620681864,,
clasificacion,svm,5000,0.022310999978799373,0.001357300003292039,0.7608028097740607,,
clasificacion,svm,10000,0.056399399996735156,0.0009516999998595566,0.765271728725339,,
clasificacion,svm,20000,0.173464999999851,0.0005960999988019466,0.7678885282880027,,
clasificacion,svm,38978,0.4809514000080526,0.0008359999919775873,0.7696797615214707,32.4453125,0.0011653900146484375
clasificacion,arbol,2500,0.03242050000699237,0.00197350000962615,0.7425583840349125,,
clasificacion,arbol,5000,0.06860940001206473,0.002659899997524917,0.7912061382777354,,
clasificacion,arbol,10000,0.1546018999943044,0.001866400009021163,0.8146273909164667,,
clasificacion,arbol,20000,0.36712419998366386,0.0020376000029500574,0.8232760053961135,,
clasificacion,arbol,38978,0.8428286999987904,0.0019594000186771154,0.8242518010782921,11.6015625,0.005103111267089844
clasificacion,knn,2500,0.0013908999972045422,0.6454974999942351,0.773391036536573,,
clasificacion,knn,5000,0.002143699995940551,0.9605041000177152,0.7732369202296038,,
clasificacion,knn,10000,0.006402300001354888,2.3537557999952696,0.7755646666009194,,
clasificacion,knn,20000,0.010739099991042167,4.888322299986612,0.7776891564878596,,
clasificacion,knn,38978,0.01730950002092868,4.873576999991201,0.787356266399683,0.0,23.493560791015625
clasificacion,xgboost,2500,0.20323159999679774,0.006830099999206141,0.819709937902931,,
clasificacion,xgboost,5000,0.28434429998742417,0.0056161999818868935,0.8190969624220636,,
clasificacion,xgboost,10000,0.5298282000003383,0.0061963000043760985,0.8263846606836703,,
clasificacion,xgboost,20000,0.7101943999878131,0.008419199992204085,0.8285154491383843,,
clasificacion,xgboost,38978,0.9524492000055034,0.009916799986967817,0.8281683469845805,13.296875,0.549962043762207
clasificacion,random_forest,2500,0.9860617000085767,0.09130220001679845,0.8210774931518678,,
clasificacion,random_forest,5000,1.8429928999976255,0.10189160000300035,0.8222168529926767,,
clasificacion,random_forest,10000,3.660514199989848,0.11591059999773279,0.8283571054143055,,
clasificacion,random_forest,20000,7.6906700000108685,0.10619300001417287,0.8279033248153242,,
clasificacion,random_forest,38978,16.277566099975957,0.09231140001793392,0.828903718958133,67.703125,43.915842056274414
regresion,ridge,2500,0.029242999997222796,0.0011264999920967966,,,
regresion,ridge,5000,0.05101589998230338,0.0008486000006087124,,,
regresion,ridge,10000,0.09453130001202226,0.0009006000182125717,,,
regresion,ridge,20000,0.028318700002273545,0.0020491000032052398,,,
regresion,ridge,38978,0.04791240001213737,0.001188399997772649,,23.203125,0.0010175704956054688
regresion,lasso,2500,0.010210399981588125,0.0010313999955542386,,,
regresion,lasso,5000,0.01830369999515824,0.001104700000723824,,,
regresion,lasso,10000,0.03221259999554604,0.0009368000028189272,,,
regresion,lasso,20000,0.16992539999773726,0.0010002999915741384,,,
regresion,lasso,38978,0.17899889999534935,0.0007303000020328909,,23.19921875,0.0010938644409179688
regresion,svr,2500,0.026463999995030463,0.0005956999957561493,,,
regresion,svr,5000,0.04315320000750944,0.0006084999768063426,,,
regresion,svr,10000,0.14093689998844638,0.0005915999936405569,,,
regresion,svr,20000,0.17056729999603704,0.001134599995566532,,,
regresion,svr,38978,0.4347249999991618,0.0005910999898333102,,28.60546875,0.0010662078857421875
