modelo,configuracion,hp_max_depth,hp_max_features,hp_min_samples_leaf,auc_baja,tiempo_baja_s,auc_alta,tiempo_alta_s,hp_interactions,hp_learning_rate,hp_max_bins,hp_max_leaves
random_forest,0,32.0,0.3,29,0.8291194930085872,9.992838600010145,0.8294137820705956,25.44012610000209,,,,
random_forest,1,24.0,0.3,7,0.8292837927383766,10.400927600014256,0.8301911208352442,28.442484200000763,,,,
random_forest,2,26.0,0.3,8,0.8284955150404308,11.552319699985674,0.8299836686577953,29.545908000000054,,,,
random_forest,3,39.0,0.5,26,0.8306828320622017,16.830085800000234,0.8310468410327189,36.37032730001374,,,,
random_forest,4,25.0,sqrt,87,0.8222452395307277,3.276976299996022,0.8226428010533274,12.153737599990563,,,,
random_forest,5,33.0,log2,1,0.8171751225328601,4.437998900015373,0.8231976522166983,15.134112700005062,,,,
random_forest,6,24.0,sqrt,4,0.8242823540876802,5.235857599996962,0.8265105959417984,14.473160399997141,,,,
random_forest,7,25.0,sqrt,7,0.8244058979210694,4.206592700007604,0.826410329617756,13.457957099977648,,,,
random_forest,8,30.0,0.3,6,0.830035742332837,8.668325700011337,0.8300278441916662,34.99621360001038,,,,
random_forest,9,31.0,0.5,5,0.8323921660427889,14.93531339999754,0.832604439974005,50.156223700003466,,,,
random_forest,10,6.0,sqrt,16,0.8192899958053684,2.898846099997172,0.819797888045264,6.039994499995373,,,,
random_forest,11,24.0,sqrt,1,0.8225358383082505,5.188233199995011,0.8266339845024562,13.887252199987415,,,,
ebm,0,,,31,0.8288093031621148,18.17730159999337,0.8291661527527537,33.160447800008114,6.0,0.05981718414827632,106.0,2.0
ebm,1,,,31,0.8273755186275032,24.53411259999848,0.8272397641609639,68.71270360000199,18.0,0.010298013888404204,228.0,2.0
ebm,2,,,5,0.8282378494115692,14.885718500008807,0.8284443737325043,52.66835030002403,2.0,0.008426928806991748,942.0,3.0
ebm,3,,,14,0.8274466052237393,14.612063900014618,0.8267802287480389,43.01245080001536,20.0,0.038054992242789985,349.0,2.0
ebm,4,,,16,0.8271933967626689,9.387558299989905,0.8279384230117599,27.48281169999973,16.0,0.03011068020486609,194.0,4.0
ebm,5,,,2,0.8278036040557417,8.559792199986987,0.8283882848802272,29.551532699988456,14.0,0.0381420290455087,184.0,2.0
ebm,6,,,158,0.8276028953869535,8.322419600008288,0.8273925961656654,29.127971200010506,18.0,0.04459910443224184,223.0,3.0
ebm,7,,,5,0.8276848842701043,7.1973069999949075,0.828106381477892,22.868486599996686,13.0,0.061635245849989195,148.0,2.0
