modelo,solucionador,entrenamiento_s,iteraciones,metrica,valor,coeficientes_no_nulos
Ridge,cholesky,0.07908229998429306,,rmse,0.061667725782587175,
Ridge,svd,0.42256320000160486,,rmse,0.061667725782587196,
Ridge,lsqr,0.24923099999432452,37.0,rmse,0.061667742080190865,
Ridge,sparse_cg,0.2599632000201382,,rmse,0.06166772542854631,
Ridge,sag,8.377941799990367,305.0,rmse,0.06166772599086206,
Ridge,saga,15.081756600004155,567.0,rmse,0.06166772602141761,
Lasso,descenso por coordenadas,0.21874359998037107,28.0,rmse,0.06166058225399048,39.0
Lasso,SGD con penalización L1,0.8791536999924574,35.0,rmse,0.06714691851975191,25.0
Logística L1,liblinear,1.2672459000023082,21.0,auc,0.7709653502735678,47.0
Logística L1,saga,19.395846500003245,577.0,auc,0.7709882747905101,47.0
