funcion,archivo,llamadas,propio_s,acumulado_s,fraccion_del_total
wrapper,_param_validation.py,24,0.0002741,14.078913,1.0
cross_val_score,_validation.py,1,9.100000000000001e-06,14.0775766,0.9999050778991248
cross_validate,_validation.py,1,0.0002133,14.076680600000001,0.9998414366222734
__call__,parallel.py,7,4.16e-05,14.07116,0.9994493182818873
__call__,parallel.py,7,0.00028040000000000004,14.071148800000001,0.9994485227659267
_get_sequential_output,parallel.py,29,0.0011863000000000002,14.070705700000001,0.9994170501657338
__call__,parallel.py,15,0.004362400000000001,14.0525014,0.998124031308383
_fit_and_score,_validation.py,3,0.00011740000000000001,14.0481704,0.9978164081275309
wrapper,base.py,18,0.018526400000000002,13.4036287,0.9520357644088007
fit,pipeline.py,3,0.0003308,13.397402000000001,0.9515934930487887
inner_f,core.py,45,0.0005959,11.1909743,0.7948748813207384
fit,sklearn.py,3,0.00024090000000000003,11.157117900000001,0.7924701218055684
train,training.py,3,0.0035024,10.527439300000001,0.7477451774863586
update,core.py,435,10.3619933,10.4429944,0.7417472073305659
_fit,pipeline.py,3,0.0085371,2.2376776,0.15893823621184391
__call__,memory.py,6,2.4200000000000002e-05,2.2283587000000002,0.15827633141848382
_fit_resample_one,pipeline.py,3,2.3100000000000002e-05,1.3389460000000002,0.09510293869988402
fit_resample,base.py,3,1.6000000000000003e-05,1.3388872,0.09509876224109064
fit_resample,base.py,3,0.0030565,1.3367861,0.09494952486743828
_fit_resample,base.py,3,0.004749000000000001,1.2977192000000002,0.09217467286004255
wrapped,_set_output.py,24,0.004939300000000001,1.1355273000000001,0.08065447240138497
_call_func_on_transformers,_column_transformer.py,6,0.0003165,1.0555406,0.07497316021485466
_fit_transform_one,pipeline.py,3,2.64e-05,0.8893885,0.06317167383589913
fit_transform,_column_transformer.py,3,0.0003305,0.8839806,0.062787560374867
kneighbors,_base.py,3,6.13e-05,0.8823064,0.06266864494439309
compute,_dispatcher.py,3,0.8776207,0.8792725,0.062453152455732915
_fit_transform_one,pipeline.py,6,0.0001465,0.7694373000000001,0.05465175471998442
fit_transform,base.py,6,9.48e-05,0.7688992,0.054613534439768185
_wrap_evaluation_matrices,sklearn.py,3,3.9e-05,0.6224045,0.04420827801123567
_create_dmatrix,sklearn.py,3,2.32e-05,0.6221004,0.04418667833234
__init__,core.py,3,5.17e-05,0.6220507000000001,0.04418314823026466
_init,core.py,3,0.5943884,0.6219135,0.04417340315974678
transform,_encoders.py,6,0.0859944,0.4828832,0.03429832970769831
check_array,validation.py,177,0.0383482,0.45954560000000005,0.0326407017359934
_safe_indexing,_indexing.py,108,0.0006158,0.415773,0.02953161227716941
_pandas_indexing,_indexing.py,105,0.00044370000000000005,0.4014009,0.028510787729137895
_transform,_encoders.py,6,0.013997,0.36244560000000003,0.025743862470064275
_score,_validation.py,3,4.78e-05,0.32855480000000004,0.023336659584443774
__call__,_scorer.py,3,0.0006133,0.3284963,0.02333250443411363
_score,_scorer.py,3,5.4900000000000006e-05,0.3277331,0.02327829570365269
_make_samples,base.py,3,0.0724408,0.32402990000000004,0.023015264033523046
_safe_split,metaestimators.py,6,3.37e-05,0.3156587,0.022420672675511243
take,generic.py,12,0.0003283,0.31331800000000004,0.022254416942557996
reindex_indexer,managers.py,24,0.0018863,0.3130829,0.022237718210205575
take,managers.py,12,8.900000000000001e-05,0.31235060000000003,0.022185704251457484
validate_data,validation.py,30,0.00045630000000000003,0.30375080000000004,0.02157487584446328
take_nd,blocks.py,84,0.0022763,0.290715,0.020648966294485944
take_nd,take.py,108,0.0014418,0.2886298,0.02050085826938486
_cached_call,_scorer.py,3,1.4700000000000002e-05,0.284043,0.020175066072217366
_get_response_values,_response.py,3,0.0014765000000000002,0.2840283,0.020174021957519023
predict_proba,pipeline.py,3,7.32e-05,0.28019540000000004,0.019901777928452293
_generate_samples,base.py,3,0.2337904,0.25046060000000003,0.01778976828679885
transform,_column_transformer.py,3,0.0004131,0.2442622,0.017349507025151728
transform,_data.py,6,0.0067545,0.23504650000000002,0.016694932343143253
_transform_one,pipeline.py,6,3.5900000000000005e-05,0.208548,0.014812791300010165
_check_X,_encoders.py,9,0.0007656000000000001,0.1813709,0.01288245051304742
_encode,_encode.py,54,0.00022810000000000001,0.1693204,0.012026525059143416
_map_to_integer,_encode.py,54,0.10438720000000001,0.1682751,0.01195227927042379
__array__,generic.py,15,0.00014030000000000002,0.1588073,0.011279798376479777
_values,frame.py,15,9.87e-05,0.1585417,0.01126093328369882
