modelo,n,entrenamiento_s,inferencia_s,auc,vectores_soporte
"LinearSVC (primal, L2)",1000,0.003148999996483326,0.0013334999966900796,0.7319516242757924,
SGD con pérdida hinge,1000,0.00434260000474751,0.0013134000182617456,0.7073426660328,
SVC núcleo RBF,1000,0.04974339998443611,0.6569132000149693,0.6996588672996179,698.0
"LinearSVC (primal, L2)",2000,0.007410099991830066,0.0017710999818518758,0.751726119661212,
SGD con pérdida hinge,2000,0.010721700004069135,0.001354299980448559,0.7292963523802402,
SVC núcleo RBF,2000,0.1525958999991417,1.228085499984445,0.7236641276818423,1319.0
"LinearSVC (primal, L2)",4000,0.01746199998888187,0.0017860000079963356,0.7601831668903698,
SGD con pérdida hinge,4000,0.018630700011271983,0.001733800017973408,0.7334175449953226,
SVC núcleo RBF,4000,0.5859755999990739,2.516865100013092,0.7504234510091157,2440.0
"LinearSVC (primal, L2)",8000,0.04005049998522736,0.0014610000071115792,0.7636352359812323,
SGD con pérdida hinge,8000,0.04076189998886548,0.0014674000267405063,0.7243347832901152,
SVC núcleo RBF,8000,2.380066199984867,4.396463499986567,0.7646297855070978,4676.0
"LinearSVC (primal, L2)",38978,0.6123492000042461,0.001492699986556545,0.7696797615214707,
SGD con pérdida hinge,38978,0.17960229999152943,0.0022533999872393906,0.7446032339230192,
