tarea,modelo,balanceo,optimizador,metrica_cv,desv_cv,rmse,mae,r2,accuracy,precision,recall,f1,auc,brier
regresion,ridge,ninguno,grid,0.061817513777425434,0.0004813259277021179,0.0616677108531533,0.05069306182055682,0.1508855952021625,,,,,,
regresion,ridge,ninguno,random,0.06181776237792227,0.0004809320004400744,0.061667651229318686,0.050693806717815364,0.1508872371451393,,,,,,
regresion,ridge,ninguno,bayesiana,0.061817419771763374,0.0004812687826534805,0.06166764505852863,0.050693714313471444,0.15088740707852333,,,,,,
regresion,ridge,ninguno,genetica,0.0618168594767363,0.00048195447815460346,0.06166772578258717,0.050693008581393494,0.15088518406970064,,,,,,
regresion,lasso,ninguno,grid,0.061810434942689695,0.0004758553784843217,0.06165794403547904,0.05070751446824588,0.15115453623256603,,,,,,
regresion,lasso,ninguno,random,0.061806743970152844,0.00047824706901402036,0.06165740184345299,0.05070583967990145,0.15116946489181493,,,,,,
regresion,lasso,ninguno,bayesiana,0.061808288115295006,0.00047614763489920586,0.06165905523043709,0.05071142887937318,0.15112394029513443,,,,,,
regresion,lasso,ninguno,genetica,0.061802440250145654,0.00047839825127382726,0.06166058225399049,0.05071789440634242,0.15108189392308113,,,,,,
regresion,arbol,ninguno,grid,0.05962451815134455,0.0005832494035185577,0.05952833196359301,0.04749893731437641,0.2087786811091995,,,,,,
regresion,arbol,ninguno,random,0.059279332487846524,0.00039800622453483025,0.05946537516656341,0.047605848618421376,0.21045137770601874,,,,,,
regresion,arbol,ninguno,bayesiana,0.05928127692930792,0.00037744200988925166,0.059435926045557176,0.04750315409974935,0.21123320260541534,,,,,,
regresion,arbol,ninguno,genetica,0.05926493495144658,0.0003805006326346684,0.05943592604555715,0.04750315409974928,0.211233202605416,,,,,,
regresion,svr,ninguno,grid,0.06184412161812477,0.00047402872501865973,0.06170178652820812,0.0507637224510044,0.1499469470765763,,,,,,
regresion,svr,ninguno,random,0.0618427714831566,0.00047095049855438444,0.061702548269609546,0.05073434854812324,0.1499259582320953,,,,,,
regresion,svr,ninguno,bayesiana,0.06183263876580334,0.00047042474580710617,0.0617028374779874,0.05073381449139198,0.14991798938420398,,,,,,
regresion,svr,ninguno,genetica,0.06183464905638432,0.00046858155409501556,0.06170135896821743,0.05074485337234689,0.14995872785105924,,,,,,
regresion,xgboost,ninguno,grid,0.05899346933366745,0.00039510081047867897,0.05920860435943945,0.04707589662165293,0.2172551803215912,,,,,,
regresion,xgboost,ninguno,random,0.058994535017170335,0.0003963183535574538,0.05916896028445623,0.047072222365120736,0.218303028212674,,,,,,
regresion,xgboost,ninguno,bayesiana,0.058981509945088294,0.0004024850684459983,0.05917337714814351,0.047059720315962034,0.21818631911994113,,,,,,
regresion,xgboost,ninguno,genetica,0.05920617014355475,0.00037824640412370607,0.05938187687201218,0.04732328640279535,0.21266711008063732,,,,,,
regresion,knn,ninguno,grid,0.0633536437134237,0.00041506680766456236,0.06320641741176551,0.0511462528417392,0.10798346781297774,,,,,,
regresion,knn,ninguno,random,0.0633609474485578,0.00042392654694605895,0.06324481936675141,0.051166835169051905,0.10689922395836293,,,,,,
regresion,knn,ninguno,bayesiana,0.0633669027330961,0.000401758296481226,0.0632520542388465,0.05116937652555337,0.1066948802816371,,,,,,
regresion,knn,ninguno,genetica,0.06338228158335325,0.00041818133874471506,0.06324587974494243,0.05117791403793625,0.10686927581292449,,,,,,
regresion,random_forest,ninguno,grid,0.05915016458137705,0.0003890447138133653,0.05930875486207928,0.04728143135969393,0.21460493758436083,,,,,,
regresion,random_forest,ninguno,random,0.05924520455178898,0.0003979513882813298,0.059363601974022726,0.04741052251285556,0.21315164222984617,,,,,,
regresion,random_forest,ninguno,bayesiana,0.05917021758768115,0.0003971579091485123,0.05935503551814057,0.04735866330988263,0.21337871791848695,,,,,,
regresion,random_forest,ninguno,genetica,0.05926728359621899,0.00038193709565648273,0.05939636028083679,0.04743193029910925,0.21228299777665482,,,,,,
clasificacion,naive_bayes,ninguno,grid,0.6721917721143488,0.011906833288730384,,,,0.28465879938429967,0.250382179515178,0.9558149228845352,0.3968157826425543,0.6662463838560558,0.6599770538799287
clasificacion,naive_bayes,ninguno,random,0.6710823588854766,0.011706525314673248,,,,0.28445356593124677,0.2503275109170306,0.9558149228845352,0.3967471234535859,0.6649497300524642,0.6606007364525412
clasificacion,naive_bayes,ninguno,bayesiana,0.6720246739284106,0.01187475278544589,,,,0.28445356593124677,0.2503275109170306,0.9558149228845352,0.3967471234535859,0.6660568593843043,0.6600701136066593
clasificacion,naive_bayes,ninguno,genetica,0.6721917721143488,0.011906833288730384,,,,0.28465879938429967,0.250382179515178,0.9558149228845352,0.3968157826425543,0.6662463838560558,0.6599770538799287
clasificacion,naive_bayes,smote,grid,0.6063106894894398,0.00619727349471316,,,,0.32211390456644434,0.2554354144866876,0.9157982492705294,0.39945454545454545,0.6166950404850374,0.6425778614309973
clasificacion,naive_bayes,smote,random,0.6047072725224966,0.006125772623560904,,,,0.32385838891739355,0.2556566363424306,0.9137140475197999,0.3995261095416021,0.6151214766748146,0.6412179991230734
clasificacion,naive_bayes,smote,bayesiana,0.6060645523443713,0.006186265516967848,,,,0.3220112878399179,0.25534883720930235,0.9153814089203834,0.399309028093463,0.6164595534916933,0.6423618135988824
clasificacion,naive_bayes,smote,genetica,0.6063106894894398,0.00619727349471316,,,,0.32211390456644434,0.2554354144866876,0.9157982492705294,0.39945454545454545,0.6166950404850374,0.6425778614309973
clasificacion,naive_bayes,adasyn,grid,0.6039411622179325,0.005677188150105234,,,,0.32303745510518217,0.2552472014925373,0.9124635264693622,0.3989066059225512,0.6184879760341199,0.6401359355091164
clasificacion,naive_bayes,adasyn,random,0.6023766197137906,0.0055559445509822175,,,,0.3249871729091842,0.2553565156304882,0.909128803668195,0.39872029250457036,0.6169480045853574,0.6391892704029293
clasificacion,naive_bayes,adasyn,bayesiana,0.6037020509425698,0.005658806546762871,,,,0.3236531554643407,0.2554259043173862,0.9124635264693622,0.3991248062722217,0.6182401188806435,0.6399822904620274
clasificacion,naive_bayes,adasyn,genetica,0.6039411622179325,0.005677188150105234,,,,0.32303745510518217,0.2552472014925373,0.9124635264693622,0.3989066059225512,0.6184879760341199,0.6401359355091164
clasificacion,naive_bayes,class_weight,grid,0.6721917632443856,0.01190682543994275,,,,0.27419189327860444,0.24811381763311058,0.9595664860358483,0.39427935257343494,0.6662463838560558,0.6971925744490933
clasificacion,naive_bayes,class_weight,random,0.6710823500155134,0.011706517320788902,,,,0.274089276552078,0.24808707834896002,0.9595664860358483,0.3942455899982874,0.6649497300524642,0.6974660841726709
clasificacion,naive_bayes,class_weight,bayesiana,0.6720246650584474,0.011874744916293473,,,,0.27419189327860444,0.24811381763311058,0.9595664860358483,0.39427935257343494,0.6660568593843043,0.6972338107459544
clasificacion,naive_bayes,class_weight,genetica,0.6721917632443856,0.01190682543994275,,,,0.27419189327860444,0.24811381763311058,0.9595664860358483,0.39427935257343494,0.6662463838560558,0.6971925744490933
clasificacion,logistica,ninguno,grid,0.7642210454575539,0.004627643851982255,,,,0.7805028219599794,0.6177536231884058,0.2842851187994998,0.3893805309734513,0.770940042514765,0.15361486716397543
clasificacion,logistica,ninguno,random,0.7642374229790889,0.00481328155922056,,,,0.7804002052334531,0.6169828364950316,0.2847019591496457,0.38961779806046776,0.7708305268768966,0.1536648504846661
clasificacion,logistica,ninguno,bayesiana,0.7642640164495458,0.004706249648592574,,,,0.7805028219599794,0.6173285198555957,0.2851187994997916,0.3900769888793841,0.7708783619456652,0.1536415080871927
clasificacion,logistica,ninguno,genetica,0.764302494315156,0.004759817873673386,,,,0.7806054386865059,0.6180995475113122,0.2847019591496457,0.3898401826484018,0.7709697762941656,0.15359295158326047
clasificacion,logistica,smote,grid,0.7632799319794835,0.005371529815172952,,,,0.6786044125192406,0.4083062296722542,0.6802834514380992,0.5103189493433395,0.7706353280197631,0.19649428892096873
clasificacion,logistica,smote,random,0.7629162688029181,0.004584299343417159,,,,0.680143663417137,0.4100701402805611,0.6823676531888286,0.5122828978250665,0.7703345288506748,0.1962821617770982
clasificacion,logistica,smote,bayesiana,0.7632189350244445,0.005303653923622395,,,,0.6798358132375577,0.40971700475832706,0.6819508128386828,0.5118898623279099,0.7706429316961747,0.19637640909772858
clasificacion,logistica,smote,genetica,0.7632274489388398,0.00535080831886214,,,,0.6796305797845049,0.40955716787590696,0.6823676531888286,0.5118824265165729,0.7706222201895313,0.19634799797442984
clasificacion,logistica,adasyn,grid,0.763166835314916,0.005151279789228223,,,,0.6809645972293484,0.41066935078007044,0.6802834514380992,0.5121606778597207,0.7708265548071294,0.19576476579968194
clasificacion,logistica,adasyn,random,0.7628515486067999,0.004684963684948175,,,,0.6816829143150334,0.4113940005041593,0.6802834514380992,0.5127238454288408,0.7705322244373762,0.19557214755417343
clasificacion,logistica,adasyn,bayesiana,0.7630261388006435,0.005045417312247085,,,,0.680861980502822,0.41056603773584904,0.6802834514380992,0.5120803263256981,0.7708094181632765,0.19566265368359806
clasificacion,logistica,adasyn,genetica,0.7630754630626996,0.005023459671589279,,,,0.680143663417137,0.4098442993470618,0.6802834514380992,0.5115185707569346,0.7707894443267325,0.1956271093231639
clasificacion,logistica,class_weight,grid,0.7643460853877925,0.00468354652605005,,,,0.6788096459722934,0.40981988650382434,0.6923718215923301,0.5148791072535648,0.770833534301149,0.19769880447544788
clasificacion,logistica,class_weight,random,0.7643171195469977,0.004573478450823488,,,,0.6785017957927142,0.40929312901631243,0.6902876198416007,0.5138867339022498,0.7708970306735712,0.19777632890425548
clasificacion,logistica,class_weight,bayesiana,0.764360496689686,0.0045802087025106275,,,,0.6792201128783992,0.41026906936558877,0.692788661942476,0.5153488372093024,0.7708524300044703,0.19769954589183636
clasificacion,logistica,class_weight,genetica,0.7643987798246012,0.004695259576416776,,,,0.6791174961518728,0.41016781836130306,0.692788661942476,0.5152689505503023,0.7708576504390214,0.1976995682540419
clasificacion,arbol,ninguno,grid,0.8307495320537889,0.004320748056188514,,,,0.7812211390456645,0.6241860465116279,0.27969987494789494,0.38629821531375935,0.8300967868565801,0.13261582745793138
clasificacion,arbol,ninguno,random,0.8326799468000579,0.0025805511054565944,,,,0.7849153412006157,0.6801426872770512,0.23843268028345144,0.3530864197530864,0.8232473781218624,0.13102422156656912
clasificacion,arbol,ninguno,bayesiana,0.8311695059216424,0.0026681551679014824,,,,0.7748589020010261,0.5687458081824279,0.35348061692371824,0.4359897172236504,0.829012099718925,0.13523159571485902
clasificacion,arbol,ninguno,genetica,0.83211532326232,0.0034824106864569117,,,,0.7840944073884043,0.6883780332056194,0.22467694872863694,0.3387806411062225,0.8265998617492745,0.1320383135850492
clasificacion,arbol,smote,grid,0.826945042034023,0.004402579051593971,,,,0.7454079014879426,0.48651315789473687,0.6165068778657774,0.543849972421401,0.827879719372136,0.1403967773153172
clasificacion,arbol,smote,random,0.8272843675387694,0.00501648159251158,,,,0.760287326834274,0.5145496535796766,0.46436015006252607,0.48816827344434705,0.8287955651727561,0.13497686130571931
clasificacion,arbol,smote,bayesiana,0.8261837028078889,0.0056742430764486,,,,0.7585428424833248,0.5097210481825867,0.5027094622759483,0.5061909758656873,0.8310514738251383,0.13489254781544488
clasificacion,arbol,smote,genetica,0.827275617544832,0.005104697044892215,,,,0.7438686505900461,0.4840302930523543,0.6127553147144643,0.5408388520971302,0.8264721313343305,0.14087318329868523
clasificacion,arbol,adasyn,grid,0.8252870870057656,0.00564094824334611,,,,0.7378142637249872,0.47616136919315405,0.6494372655273031,0.5494621759830718,0.8266845235791709,0.14097882943999962
clasificacion,arbol,adasyn,random,0.8256690313362606,0.006323766402226729,,,,0.741405849153412,0.4781981981981982,0.5531471446436015,0.5129493621955934,0.8190958559169144,0.1374527869260253
clasificacion,arbol,adasyn,bayesiana,0.8258584716044481,0.004686624751860285,,,,0.7502308876346845,0.49298597194388777,0.5127136306794498,0.5026563138536984,0.8215152719840726,0.13676886375844027
clasificacion,arbol,adasyn,genetica,0.8258731257553722,0.006113428002116533,,,,0.7465366854797332,0.48625629113433994,0.523551479783243,0.5042151746286632,0.8206459845155101,0.1433114213451136
clasificacion,arbol,class_weight,grid,0.832901636845925,0.002009972767680599,,,,0.7007696254489482,0.45045045045045046,0.9795748228428511,0.6171218487394958,0.8312963802982162,0.1690519247989215
clasificacion,arbol,class_weight,random,0.8331756166160655,0.002091125147045647,,,,0.6963571062083119,0.44772218073188946,0.9995831596498541,0.6184397163120567,0.824294529200217,0.16896728310613798
clasificacion,arbol,class_weight,bayesiana,0.8300745131671536,0.003931590385986258,,,,0.6948178553104156,0.44518589132507147,0.9733222175906627,0.6109366823652538,0.8307063009623645,0.1703959712689803
clasificacion,arbol,class_weight,genetica,0.8321129905904417,0.002948148165570138,,,,0.6971780400205233,0.4466563587166602,0.9633180491871614,0.6103261587217748,0.8251852374735956,0.1715736258408431
clasificacion,svm,ninguno,grid,0.7639105939926605,0.003995854145098941,,,,0.7773217034376604,0.6302616609783845,0.23092955398082535,0.33801098230628435,0.7696898051835965,
clasificacion,svm,ninguno,random,0.7639140579987513,0.003981635074053289,,,,0.777013853258081,0.6278280542986425,0.23134639433097123,0.33810539141029544,0.7696932098148255,
clasificacion,svm,ninguno,bayesiana,0.7639011354386585,0.003993198483125493,,,,0.7773217034376604,0.6302616609783845,0.23092955398082535,0.33801098230628435,0.7696878191487129,
clasificacion,svm,ninguno,genetica,0.7639037989309171,0.003992609646870545,,,,0.777013853258081,0.6278280542986425,0.23134639433097123,0.33810539141029544,0.7696919047061878,
clasificacion,svm,smote,grid,0.7626391004307091,0.004487561251587391,,,,0.677988712160082,0.40819875776397513,0.6848686952897041,0.5115193026151931,0.7699228521912264,
clasificacion,svm,smote,random,0.7625523800159093,0.004505705420871787,,,,0.6768599281682914,0.4067628045748384,0.6819508128386828,0.5095779473602242,0.7698015905756175,
clasificacion,svm,smote,bayesiana,0.7626679270645939,0.004484457961136703,,,,0.6778860954335557,0.408051689860835,0.6844518549395582,0.5112875603300638,0.7699113899327552,
clasificacion,svm,smote,genetica,0.7626873717002891,0.004464875420648902,,,,0.677988712160082,0.40819875776397513,0.6848686952897041,0.5115193026151931,0.7699171778058446,
clasificacion,svm,adasyn,grid,0.7624666886834349,0.004474345571066756,,,,0.6793227296049256,0.4095214356929212,0.6848686952897041,0.5125565434409608,0.7700638606679637,
clasificacion,svm,adasyn,random,0.7624261248535071,0.004644059084963281,,,,0.6788096459722934,0.4090117002738362,0.6848686952897041,0.5121571072319202,0.7700411063825827,
clasificacion,svm,adasyn,bayesiana,0.76246711419579,0.004509920235918323,,,,0.6791174961518728,0.40931738913801696,0.6848686952897041,0.512396694214876,0.7700894521460355,
clasificacion,svm,adasyn,genetica,0.7624410204286143,0.004517039311605581,,,,0.6789122626988199,0.4089775561097257,0.6836181742392664,0.5117803089405524,0.7701172566344062,
clasificacion,svm,class_weight,grid,0.7641469720230337,0.004437112409294757,,,,0.6772703950743971,0.4087573385518591,0.6965402250937891,0.5151842145830122,0.7705801162499984,
clasificacion,svm,class_weight,random,0.7641272236950222,0.004414833361001166,,,,0.6768599281682914,0.4083129584352078,0.6961233847436432,0.5147172137463399,0.7705657033111287,
clasificacion,svm,class_weight,bayesiana,0.7641049744856059,0.004425973900030598,,,,0.6769625448948179,0.40841281486916114,0.6961233847436432,0.5147965474722564,0.7705637172762451,
clasificacion,svm,class_weight,genetica,0.7640890056261878,0.004398313473318352,,,,0.6766546947152385,0.4080684596577017,0.6957065443934973,0.5144089998458931,0.7705512336284052,
clasificacion,xgboost,ninguno,grid,0.8318653184478073,0.0035266267259874665,,,,0.7824525397639815,0.6413373860182371,0.263859941642351,0.37389249852333134,0.8275436822698267,0.13205870985984802
clasificacion,xgboost,ninguno,random,0.8309879983344317,0.0017880410023842668,,,,0.7833760903027194,0.6374045801526718,0.2784493538974573,0.38758340586016826,0.8290050918529785,0.13222497701644897
clasificacion,xgboost,ninguno,bayesiana,0.8313716672991627,0.004363274677922042,,,,0.754232939969215,1.0,0.0016673614005835765,0.0033291718684977114,0.8271576538323039,0.14934098720550537
clasificacion,xgboost,ninguno,genetica,0.8323037223228289,0.004127629482390277,,,,0.7538224730631092,0.0,0.0,0.0,0.8280214371470462,0.1522248238325119
clasificacion,xgboost,smote,grid,0.8317211261269085,0.0026668410827468685,,,,0.7766033863519753,0.5828358208955224,0.3255523134639433,0.4177587590264777,0.8264691522820052,0.1328851729631424
clasificacion,xgboost,smote,random,0.828800248505454,0.004568864526834752,,,,0.7692149820420728,0.5468164794007491,0.3651521467278033,0.437890527368158,0.8270319661960975,0.1337394267320633
clasificacion,xgboost,smote,bayesiana,0.8311658769178946,0.0030564002700139295,,,,0.7800923550538738,0.6105354058721935,0.2947061275531471,0.3975260050604442,0.828310263362979,0.13374072313308716
clasificacion,xgboost,smote,genetica,0.8297105576125887,0.004231557267929261,,,,0.7679835813237558,0.5407801418439716,0.3814089203834931,0.44732339281349304,0.8270985551085528,0.13373471796512604
clasificacion,xgboost,adasyn,grid,0.830782536504676,0.0027104237711265485,,,,0.7745510518214469,0.5752608047690015,0.3218007503126303,0.4127238706228281,0.8272632825161859,0.132908433675766
clasificacion,xgboost,adasyn,random,0.8293668677945863,0.0030361862041457742,,,,0.7714725500256542,0.5540201005025126,0.3676531888286786,0.4419944875970935,0.8272452663425989,0.1335970014333725
clasificacion,xgboost,adasyn,bayesiana,0.8301840265640827,0.004232594598548109,,,,0.7826577732170343,0.6449948400412797,0.26052521884118385,0.37114014251781474,0.8283736178757665,0.14335551857948303
clasificacion,xgboost,adasyn,genetica,0.8287936267018772,0.003261882572311055,,,,0.7778347870702924,0.5905572755417957,0.3180491871613172,0.41343809265781634,0.8289321760008225,0.13310885429382324
clasificacion,xgboost,class_weight,grid,0.830917552289856,0.0032923046540897847,,,,0.6989225243714725,0.449134816505039,0.9845769070446019,0.6168712457560721,0.8256199521376942,0.16549107432365417
clasificacion,xgboost,class_weight,random,0.8302760588156858,0.0030197743257518077,,,,0.7014879425346331,0.45077220077220076,0.9733222175906627,0.616176276553635,0.8270880858675235,0.16113394498825073
clasificacion,xgboost,class_weight,bayesiana,0.8311926712731861,0.002680281320204664,,,,0.6984094407388405,0.4490950226244344,0.9929137140475198,0.6184603401272232,0.8281041980578394,0.17003759741783142
clasificacion,xgboost,class_weight,genetica,0.8332144139201197,0.004942051134385971,,,,0.6962544894817855,0.44757989160904504,0.9983326385994165,0.6180645161290322,0.8282838774709537,0.18745233118534088
clasificacion,knn,ninguno,grid,0.783062229658045,0.007828565545235325,,,,0.7538224730631092,0.0,0.0,0.0,0.787356266399683,0.16600960511263319
clasificacion,knn,ninguno,random,0.7739919588512658,0.003746117306300664,,,,0.7539250897896357,1.0,0.00041684035014589413,0.0008333333333333334,0.7820782935806699,0.16313369720141144
clasificacion,knn,ninguno,bayesiana,0.7830976642368697,0.007591102675426317,,,,0.7538224730631092,0.0,0.0,0.0,0.7873601817255964,0.1659570364117861
clasificacion,knn,ninguno,genetica,0.7835524371288687,0.007194999335165577,,,,0.7538224730631092,0.0,0.0,0.0,0.787356266399683,0.16600960511263319
clasificacion,knn,smote,grid,0.7681213782024487,0.00578632282941993,,,,0.6210364289379169,0.3826197387518142,0.8791162984576907,0.5331816458096321,0.7767333630141517,0.23281816197381325
clasificacion,knn,smote,random,0.7538614087310949,0.003969452721076178,,,,0.6482298614674192,0.3930131004366812,0.78782826177574,0.5244173140954494,0.7627399598276213,0.22219513473975397
clasificacion,knn,smote,bayesiana,0.7673828254083589,0.005827133469498179,,,,0.6194971780400205,0.3814526353921391,0.877865777407253,0.5318181818181819,0.7762316622306213,0.23343837615392346
clasificacion,knn,smote,genetica,0.7681213782024487,0.00578632282941993,,,,0.6210364289379169,0.3826197387518142,0.8791162984576907,0.5331816458096321,0.7767333630141517,0.23281816197381325
clasificacion,knn,adasyn,grid,0.7748376848479142,0.005829038007216374,,,,0.6339661364802462,0.39128816083395385,0.8761984160066695,0.540985716124051,0.7817288649288596,0.23028265309743168
clasificacion,knn,adasyn,random,0.7579915800652103,0.00260553546506077,,,,0.6586967675731145,0.40106723585912485,0.7832430179241351,0.5304912478825522,0.7665725248302593,0.21974936657743877
clasificacion,knn,adasyn,bayesiana,0.7744613004925827,0.005667014161029843,,,,0.6325295023088764,0.39010784678319077,0.8745310546060858,0.5395396682525395,0.7812233623071234,0.2308788706238484
clasificacion,knn,adasyn,genetica,0.7748376848479142,0.005829038007216374,,,,0.6339661364802462,0.39128816083395385,0.8761984160066695,0.540985716124051,0.7817288649288596,0.23028265309743168
clasificacion,random_forest,ninguno,grid,0.8316511370589614,0.0030994703030336325,,,,0.7802975885069267,0.6210131332082551,0.2759483117965819,0.3821067821067821,0.8291705285587844,0.13238421637653652
clasificacion,random_forest,ninguno,random,0.8313320253703289,0.003141923678505013,,,,0.7795792714212416,0.6111603188662533,0.28761984160066695,0.391156462585034,0.8293830342913322,0.13225350255092
clasificacion,random_forest,ninguno,bayesiana,0.8322112479436248,0.0023543277088523616,,,,0.779887121600821,0.6202651515151515,0.27303042934556065,0.3791606367583213,0.8287410343292372,0.1323731230335249
clasificacion,random_forest,ninguno,genetica,0.8325603127112856,0.0029306720500308736,,,,0.7812211390456645,0.6315270935960591,0.26719466444351814,0.37551259519625074,0.8260124493745522,0.13234928967624981
clasificacion,random_forest,smote,grid,0.8282408021315397,0.00391985732831036,,,,0.7668547973319652,0.53494771601541,0.40516882034180907,0.46110056925996207,0.8268860777479317,0.133885373316155
clasificacion,random_forest,smote,random,0.828802731551898,0.003967729332168533,,,,0.7702411493073371,0.5478468899521531,0.381825760733639,0.4500122819945959,0.8273919492047178,0.13367452943725452
clasificacion,random_forest,smote,bayesiana,0.8288319503367791,0.0033205314380024965,,,,0.769728065674705,0.545348156816852,0.38849520633597334,0.4537487828627069,0.8272137167598761,0.1336388826588672
clasificacion,random_forest,smote,genetica,0.8284658539996762,0.004280053700917521,,,,0.7517701385325808,0.4959514170040486,0.5106294289287203,0.5031834052166769,0.8263636370858309,0.1354007321159422
clasificacion,random_forest,adasyn,grid,0.8281547585644372,0.0030679949155229653,,,,0.7668547973319652,0.535258189894503,0.4018340975406419,0.45904761904761904,0.8270115951525769,0.13413839957160717
clasificacion,random_forest,adasyn,random,0.8275970173377253,0.0031245253074673835,,,,0.7601847101077476,0.5157200811359026,0.42392663609837433,0.4653397391901167,0.8254699781320536,0.13469439003629016
clasificacion,random_forest,adasyn,bayesiana,0.8289131142692566,0.003091701063944241,,,,0.7648024628014366,0.5288409703504043,0.40892038349312215,0.461212976022567,0.8257946097197455,0.13417851075514226
clasificacion,random_forest,adasyn,genetica,0.829319918520157,0.0024290925313118555,,,,0.7601847101077476,0.5143120960295475,0.46436015006252607,0.48806133625410736,0.8263367404991212,0.13508907744937607
clasificacion,random_forest,class_weight,grid,0.8313609819253254,0.0031791492710441242,,,,0.6974858902001027,0.44829534752307404,0.992080033347228,0.6175402179553711,0.8269288058698565,0.16550825218192175
clasificacion,random_forest,class_weight,random,0.8299872638723169,0.0034775934540310837,,,,0.6969728065674705,0.4478146194423512,0.9908295122967903,0.6168418321006877,0.8281003394757799,0.15942533562786135
clasificacion,random_forest,class_weight,bayesiana,0.8295821055960987,0.004194193795370383,,,,0.6972806567470498,0.4481069881333585,0.9916631929970822,0.6172807472755578,0.8278743287060234,0.1594574965597545
clasificacion,random_forest,class_weight,genetica,0.8299236363128578,0.003650516864144376,,,,0.6965623396613648,0.44759579263711496,0.9933305543976657,0.6171177003755017,0.8271733151359577,0.16513092218923447
clasificacion,ebm,ninguno,grid,0.8284528283802597,0.003472902048166936,,,,0.7775269368907132,0.5784114052953157,0.3551479783243018,0.44008264462809915,0.8289238630262383,0.1432569929889269
clasificacion,ebm,ninguno,random,0.8288895673333794,0.0032665084587819317,,,,0.772396100564392,0.5657225853304285,0.32471863276365154,0.4126059322033898,0.8263667012539371,0.13692233589220607
clasificacion,ebm,ninguno,bayesiana,0.8288614393059355,0.002874676933136813,,,,0.7719856336582863,0.5648351648351648,0.3213839099624844,0.40967056323060574,0.8258372243539627,0.13708309256707027
clasificacion,ebm,ninguno,genetica,0.8290795910646267,0.0032608647502978616,,,,0.7730118009235505,0.5689019896831246,0.3218007503126303,0.4110756123535676,0.8260610221134201,0.13676620159578012
regresion,ebm,ninguno,grid,0.059034487624420526,0.00042666251507088196,0.05925241583168005,0.047195817617911036,0.21609636595814963,,,,,,
regresion,ebm,ninguno,random,0.05906805495232559,0.0004359583919930352,0.0592426207026754,0.04715871171973416,0.21635552172239625,,,,,,
regresion,ebm,ninguno,bayesiana,0.05904695135511397,0.0004337282186780159,0.059283217137280006,0.047244364292847875,0.2152811576398722,,,,,,
regresion,ebm,ninguno,genetica,0.059086802973637574,0.0004073338713294703,0.05926621115347681,0.04722211769395904,0.21573130196422752,,,,,,
clasificacion,ebm,class_weight,grid,0.8292035404563995,0.0037289130741755597,,,,0.7301180092355054,0.46813793103448276,0.7073780741975824,0.5634130146082338,0.8289210825774012,0.17317989395852715
clasificacion,ebm,class_weight,random,0.8276431169198295,0.002405972516375163,,,,0.7017957927142124,0.4499703966844287,0.9503959983326385,0.6107688186445218,0.8239752315347837,0.17046669443198073
clasificacion,ebm,class_weight,bayesiana,0.8286870943003801,0.0041125706469787105,,,,0.7303232426885582,0.46870729707570374,0.7148812005002084,0.5661934631891713,0.8286416758412021,0.17328709428859188
clasificacion,ebm,class_weight,genetica,0.8280979075630356,0.003623225863838727,,,,0.7310415597742432,0.4695054945054945,0.7123801583993331,0.5659877463156152,0.8286627278109684,0.17333576136540108
clasificacion,ebm,smote,grid,0.8277923467626616,0.0031953042857710994,,,,0.7729091841970241,0.5631793478260869,0.34556065027094623,0.4283130973908551,0.8257802535247295,0.13760386296755595
clasificacion,ebm,smote,random,0.8283995625632443,0.002190595988313408,,,,0.7729091841970241,0.5642265193370166,0.3405585660691955,0.4247465557577333,0.8253467872254151,0.13742132705281748
clasificacion,ebm,smote,bayesiana,0.8278903977536881,0.002610238984849644,,,,0.7705489994869164,0.556794425087108,0.3330554397665694,0.41679707876890976,0.8255820472433438,0.1372420792919807
clasificacion,ebm,smote,genetica,0.8282478999313885,0.0023219331276886604,,,,0.7744484350949205,0.569937369519833,0.34139224676948726,0.42700729927007297,0.8262331829659036,0.13718453358283111
clasificacion,ebm,adasyn,grid,0.8280249887737913,0.003307863844286593,,,,0.773832734735762,0.5688073394495413,0.3359733222175907,0.4224318658280922,0.8262988923486245,0.13710633744699371
clasificacion,ebm,adasyn,random,0.8289107519854078,0.002302725227918815,,,,0.7739353514622883,0.5673076923076923,0.3443101292205085,0.4285343709468223,0.8264638467316731,0.13711223618520404
clasificacion,ebm,adasyn,bayesiana,0.8282847132514217,0.002365373278892698,,,,0.7721908671113391,0.5616815988973122,0.3397248853689037,0.42337662337662335,0.8262401624599232,0.1374045150415248
clasificacion,ebm,adasyn,genetica,0.8286474896412835,0.002635709175484468,,,,0.7732170343766034,0.5654885654885655,0.3401417257190496,0.4247787610619469,0.8254681055848776,0.13743050786617084
