dimension,metodo,exacto,construccion_s,consulta_s,auc,indice_mb,k,pesos,p
78 variables,scikit-learn brute,True,0.0033011999912559986,8.03696189999755,0.7873570040697825,11.895796775817871,600,distance,1
78 variables,scikit-learn kd_tree,True,0.6638418000075035,24.069143700005952,0.787356266399683,37.88801956176758,600,distance,1
78 variables,scikit-learn ball_tree,True,0.4045265000022482,24.264320199989015,0.787356266399683,36.6698694229126,600,distance,1
78 variables,FAISS IndexFlat (exacto),True,0.010644900001352653,11.951889549993211,0.7873571743013441,11.597809791564941,600,distance,1
78 variables,"FAISS HNSW (aproximado, M=32)",False,2.6646161999960896,11.447865549984272,0.7873302209707805,21.71690559387207,600,distance,1
4 variables con señal,scikit-learn brute,True,0.0018822999845724553,2.5010703500011005,0.8212165155937217,0.8927907943725586,600,distance,1
4 variables con señal,scikit-learn kd_tree,True,0.040713800000958145,1.8494503000110853,0.8212165155937217,2.5676326751708984,600,distance,1
4 variables con señal,scikit-learn ball_tree,True,0.03366009998717345,3.0975133999891113,0.8212165155937217,2.505168914794922,600,distance,1
4 variables con señal,FAISS IndexFlat (exacto),True,0.0001289999927394092,1.9340142000146443,0.8212165155937217,0.5948038101196289,600,distance,1
4 variables con señal,"FAISS HNSW (aproximado, M=32)",False,0.9234205999819096,8.318215649997,0.8212009677777757,10.713899612426758,600,distance,1
