tarea,modelo,balanceo,optimizador,ajuste_s,ajuste_desv_s,inferencia_s,tamano_modelo_mb,metrica_prueba,metrica_prueba_registrada,n_train,n_test
clasificacion,xgboost,class_weight,genetica,1.611036599999352,0.26496750165406474,0.06046580000111135,0.5649385452270508,0.8282838774709537,,38978,9745
clasificacion,arbol,class_weight,random,1.3808616000023903,0.06205943104835452,0.05411689999891678,0.013449668884277344,0.824294529200217,,38978,9745
clasificacion,random_forest,ninguno,genetica,23.651052699999127,1.0514925201621703,0.1871028000023216,43.97305107116699,0.8260124493745522,,38978,9745
clasificacion,ebm,class_weight,grid,26.72253869999986,2.3262673792240713,0.06731819999549771,1.4870309829711914,0.8289210825774012,,38978,9745
clasificacion,knn,ninguno,genetica,0.2769175999928848,0.004417474004526413,7.164270399996894,23.50181770324707,0.787356266399683,,38978,9745
clasificacion,logistica,class_weight,genetica,1.8337175999986357,0.21478415699730563,0.05603450000489829,0.009591102600097656,0.7708576504390214,,38978,9745
clasificacion,svm,class_weight,grid,0.9179180999999517,0.02032177549891357,0.051930100002209656,0.009469032287597656,0.7705801162499984,,38978,9745
clasificacion,naive_bayes,ninguno,grid,0.2988519999998971,0.010079337051121979,0.06826690000161761,0.011265754699707031,0.6662463838560558,,38978,9745
regresion,xgboost,ninguno,bayesiana,2.0932957000040915,0.17218913624385962,0.06514279999828432,0.4555377960205078,0.05917337714814351,,38978,9745
regresion,ebm,ninguno,grid,31.84718100000464,1.6444848473630864,0.053708500003267545,1.4866943359375,0.059252415831680054,,38978,9745
regresion,random_forest,ninguno,grid,12.310515399993164,0.48161965362878306,0.14500300000509014,6.014181137084961,0.05930875486207928,,38978,9745
regresion,arbol,ninguno,genetica,0.842890299994906,0.033565538127457495,0.047309800000221,0.014159202575683594,0.059435926045557155,,38978,9745
regresion,lasso,ninguno,genetica,0.45525630000338424,0.022298123076492853,0.045831199997337535,0.009326934814453125,0.06166058225399048,,38978,9745
regresion,ridge,ninguno,genetica,0.2802250000022468,0.03444819264371057,0.04569880000053672,0.009251594543457031,0.061667725782587175,,38978,9745
regresion,svr,ninguno,bayesiana,0.6639794000002439,0.010390623998904261,0.04597289999946952,0.009331703186035156,0.061702837477987396,,38978,9745
regresion,knn,ninguno,grid,0.25031169999419944,0.0018639944293369396,4.72485400000005,23.50169563293457,0.06320641741176551,,38978,9745
